
{
  "id": "remote-drag-preview",
  "name": "remote-drag-preview",
  "title": "Remote Drag Preview",
  "description": "See where other players are dragging their tokens",
  "authors": [{"name":"Xaukael"}],
  "version": "0.1.0",
	"socket": true,
  "compatibility": {
      "minimum": "10",
      "verified": "10"
    },
	"socket": true,
  "scripts": ["remote-drag-preview.js"],
  "relationships": {
      "requires": [
					{
              "id": "socketlib",
              "type": "module",
              "manifest": "https://raw.githubusercontent.com/manuelVo/foundryvtt-socketlib/master/module.json"
          }
      ]
  },
  "url": "https://github.com/xaukael/card-tokens/",
  "manifest": "https://github.com/xaukael/remote-drag-preview/raw/main/module.json",
  "download": "https://github.com/xaukael/remote-drag-preview/raw/main/remote-drag-preview.zip"
}